{
  "accuracy": [
    0.7489166855812073,
    0.8403958082199097,
    0.8557500243186951,
    0.8632291555404663,
    0.8717291951179504,
    0.8742916584014893,
    0.8784166574478149,
    0.8867499828338623,
    0.8891249895095825,
    0.8927291631698608,
    0.8966041803359985,
    0.8979374766349792,
    0.9008749723434448,
    0.9024583101272583,
    0.9031875133514404,
    0.9090625047683716,
    0.9089791774749756,
    0.910812497138977,
    0.913979172706604,
    0.9138749837875366,
    0.9180416464805603,
    0.9177500009536743,
    0.9199166893959045,
    0.9210000038146973,
    0.9227499961853027,
    0.9254375100135803,
    0.9255833625793457,
    0.9264166951179504,
    0.9282916784286499,
    0.9313958287239075,
    0.9300416707992554,
    0.9335416555404663,
    0.9337083101272583,
    0.9351875185966492,
    0.9371458292007446,
    0.9375208616256714,
    0.9397083520889282,
    0.9396041631698608,
    0.940583348274231,
    0.9419999718666077,
    0.9439374804496765,
    0.9439374804496765,
    0.9471458196640015,
    0.9487708210945129,
    0.9440000057220459,
    0.9509791731834412,
    0.9477499723434448,
    0.9512708187103271,
    0.9493125081062317,
    0.9542291760444641
  ],
  "loss": [
    0.7476800680160522,
    0.45364856719970703,
    0.40745291113853455,
    0.3850906491279602,
    0.3613254129886627,
    0.3496849834918976,
    0.33630725741386414,
    0.31790798902511597,
    0.30649498105049133,
    0.2950270473957062,
    0.28843361139297485,
    0.28250500559806824,
    0.27290064096450806,
    0.26703697443008423,
    0.2664903700351715,
    0.2527991533279419,
    0.25117990374565125,
    0.24502158164978027,
    0.23694856464862823,
    0.23238611221313477,
    0.22628729045391083,
    0.22408878803253174,
    0.21973295509815216,
    0.21613608300685883,
    0.21177929639816284,
    0.20382995903491974,
    0.20332872867584229,
    0.20077160000801086,
    0.1972549706697464,
    0.19020068645477295,
    0.19206245243549347,
    0.18306797742843628,
    0.1804341822862625,
    0.176243394613266,
    0.17365533113479614,
    0.17198362946510315,
    0.16649115085601807,
    0.16498950123786926,
    0.16226819157600403,
    0.15808725357055664,
    0.15393343567848206,
    0.15392741560935974,
    0.14632761478424072,
    0.14367693662643433,
    0.15353912115097046,
    0.13829053938388824,
    0.14342471957206726,
    0.13543573021888733,
    0.14035868644714355,
    0.12861615419387817
  ],
  "val_accuracy": [
    0.8309999704360962,
    0.846750020980835,
    0.8502500057220459,
    0.859499990940094,
    0.862333357334137,
    0.8692499995231628,
    0.8709166646003723,
    0.8769166469573975,
    0.8755000233650208,
    0.8755833506584167,
    0.8798333406448364,
    0.8794166445732117,
    0.8791666626930237,
    0.8755833506584167,
    0.878000020980835,
    0.8764166831970215,
    0.8840000033378601,
    0.8822500109672546,
    0.8809999823570251,
    0.8855000138282776,
    0.8852499723434448,
    0.8828333616256714,
    0.8847500085830688,
    0.8883333206176758,
    0.8855833411216736,
    0.8879166841506958,
    0.8849999904632568,
    0.8884999752044678,
    0.8856666684150696,
    0.8882499933242798,
    0.890333354473114,
    0.8889166712760925,
    0.8884166479110718,
    0.8854166865348816,
    0.8858333230018616,
    0.8899999856948853,
    0.8885833621025085,
    0.8916666507720947,
    0.8836666941642761,
    0.8777499794960022,
    0.8891666531562805,
    0.8889166712760925,
    0.8880000114440918,
    0.8887500166893005,
    0.8816666603088379,
    0.8840000033378601,
    0.890333354473114,
    0.8911666870117188,
    0.8889999985694885,
    0.8899999856948853
  ],
  "val_loss": [
    0.4940142035484314,
    0.44582992792129517,
    0.4197204113006592,
    0.39868155121803284,
    0.3915402293205261,
    0.37011417746543884,
    0.3598473370075226,
    0.349627286195755,
    0.35253363847732544,
    0.34401437640190125,
    0.3398594856262207,
    0.3442182242870331,
    0.3439141809940338,
    0.35154032707214355,
    0.3334276080131531,
    0.3492079973220825,
    0.3263218104839325,
    0.33134180307388306,
    0.33410128951072693,
    0.3294103741645813,
    0.3281762897968292,
    0.3317660093307495,
    0.33280980587005615,
    0.3231201767921448,
    0.3294065594673157,
    0.32617640495300293,
    0.33284175395965576,
    0.32844430208206177,
    0.3398860991001129,
    0.32867658138275146,
    0.3284948170185089,
    0.33565446734428406,
    0.326629102230072,
    0.34793925285339355,
    0.3443796932697296,
    0.3318288028240204,
    0.3489444851875305,
    0.3427155613899231,
    0.35998860001564026,
    0.3687291145324707,
    0.3448372781276703,
    0.3621525168418884,
    0.35683125257492065,
    0.3559883236885071,
    0.3815840184688568,
    0.3712051212787628,
    0.36149951815605164,
    0.3657796084880829,
    0.37760522961616516,
    0.36666423082351685
  ]
}