,Pressure,global_radiation,temp_mean(c),temp_min(c),temp_max(c),Wind_Speed,Wind_Bearing,normalized_label
count,533312.0,533312.0,533312.0,533312.0,533312.0,533312.0,533312.0,533312.0
mean,1011.4361921351854,1.3103457450798033,12.646056904776191,8.648474251470057,16.871959565882634,11.88597398895956,192.50174194467778,0.9061524960998439
std,3.241186940710285,0.8971911748717774,6.519239826126451,5.867739875282509,7.692880619541494,7.6770859102035915,101.98493636706436,0.9925487401572838
min,971.5,0.03,-11.1,-16.0,-8.5,0.0,0.0,0.0
25%,1009.8,0.51,7.8,4.5,11.1,6.41,130.0,0.0
50%,1012.3,1.16,13.2,9.4,17.2,11.04,190.0,1.0
75%,1013.9,2.01,17.5,13.3,22.4,15.62,288.0,2.0
max,1015.0,3.6,28.6,22.0,37.0,47.53,359.0,3.0
