model,accuracy,precision,recall,f1_score
Decision Tree,0.8545727136431784,0.5,0.7628865979381443,0.6040816326530613
Random Forest,0.904047976011994,0.6601941747572816,0.7010309278350515,0.68
